Gender,Test_01,Exam_01,Test_02,Exam_02,Test_03,Exam_03,Annual_Score,Success
F,72.5,93.75,81.25,86.25,100,86.25,87.36,1
F,68.75,81.25,65,56.25,90,71.25,71.25,1
F,67.5,58.75,42.5,45,85,50,55.83,1
F,58.75,87.5,75,76.25,100,81.25,80.42,1
F,90,83.75,70,93.75,90,88.75,86.94,1
F,36.25,36.25,48.75,62.5,85,75,57.5,1
F,22.5,32.5,17.5,7.5,70,65,35.56,0
F,23.75,71.25,57.5,67.5,97.5,92.5,71.25,1
F,45,52.5,68.75,40,87.5,68.75,58.19,1
M,30,56.25,28.75,53.75,52.5,42.5,46.25,0
F,35,15,31.25,16.25,90,35,32.08,0
M,76.25,82.5,65,70,87.5,83.75,77.92,1
M,88.75,85,88.75,98.75,100,88.75,91.39,1
M,40,61.25,62.5,50,65,75,60,1
F,65,72.5,56.25,86.25,90,91.25,79.03,1
F,83.75,73.75,30,55,100,76.25,69.31,1
F,37.5,66.25,42.5,51.25,92.5,75,61.94,1
F,78.75,55,77.5,36.25,85,40,55.97,1
M,77.5,81.25,53.75,91.25,100,95,85.14,1
M,97.5,80,62.5,78.75,85,68.75,77.78,1
F,46.25,65,31.25,70,100,93.75,70.56,1
F,52.5,86.25,52.5,45,62.5,72.5,63.89,1
M,50,56.25,48.75,41.25,87.5,80,60.14,1
F,77.5,70,21.25,42.5,100,73.75,63.47,1
M,80,80,82.5,90,100,85,85.83,1
F,77.5,78.75,83.75,83.75,100,81.25,83.19,1
F,26.25,77.5,22.5,75,85,90,68.75,1
F,98.75,85,90,87.5,100,92.5,90.97,1
M,40,71.25,45,67.5,90,92.5,70.83,1
M,73.75,78.75,63.75,61.25,97.5,85,76.11,1
M,58.75,56.25,37.5,26.25,80,55,50.14,1
F,87.5,92.5,88.75,93.75,100,98.75,94.03,1
M,45,76.25,45,25,100,87.5,63.06,1
F,33.75,86.25,55,71.25,100,97.5,77.64,1
F,33.75,63.75,23.75,51.25,75,62.5,54.17,1
M,36.25,72.5,48.75,58.75,75,87.5,66.39,1
M,47.5,82.5,46.25,62.5,92.5,71.25,68.75,1
F,42.5,65,83.75,82.5,100,95,79.03,1
F,35,55,70,57.5,100,71.25,63.61,1
M,66.25,71.25,47.5,68.75,100,95,75.97,1
M,62.5,70,16.25,26.25,0,57.5,42.92,0
F,51.25,58.75,51.25,60,97.5,96.25,70,1
M,67.5,57.5,71.25,37.5,90,65,60.97,1
F,75,73.75,68.75,78.75,85,75,75.97,1
F,80,88.75,50,75,100,95,83.06,1
F,65,55,27.5,28.75,75,62.5,51.11,1
M,62.5,58.75,60,35,72.5,40,51.39,1
F,45,60,30,38.75,42.5,61.25,48.61,0
F,75,50,71.25,27.5,50,22.5,44.03,0
M,56.25,63,40,27.5,55,77.5,54.14,1
F,73.75,56.25,58.75,37.5,70,55,55.56,1
F,58.75,53.75,38.75,36.25,60,40,46.39,0
F,68.75,58.75,90,40,100,80,68.47,1
F,40,60,27.5,32.5,62.5,31.25,41.94,0
F,60,97.5,68.75,80,100,77.5,82.08,1
F,90,68.75,35,57.5,75,65,64.72,1
F,71.25,73.75,47.5,62.5,65,61.25,64.31,1
F,80,71.25,61.25,50,100,86.25,72.92,1
F,62.5,45,48.75,45,62.5,36.25,47.36,0
F,76.25,90,87.5,90,100,65,83.75,1
F,52.5,55,37.5,28.75,50,28.75,40.56,0
M,58.75,88.75,70,51.25,80,78.75,71.81,1
F,77.5,65,80,62.5,100,95,78.06,1
F,40,33.75,87.5,31.25,100,58.75,52.78,1
F,100,86.25,100,95,100,97.5,95.28,1
M,37.5,50,45,55,62.5,72.5,55.56,1
F,81.25,88.75,76.25,0,85,37.5,55,1
M,53.75,61.25,57.5,50,75,60,58.75,1
M,63.75,72.5,45,62.5,97.5,88.75,72.64,1
F,56.25,32.5,36.25,25,75,6.25,32.78,0
M,38.75,78.75,23.75,38.75,95,92.5,64.17,1
M,15,57.5,68.75,32.5,82.5,28.75,44.86,0
M,27.5,81.25,76.25,75,82.5,93.75,76.25,1
F,60,70,65,18.75,50,37.5,47.5,0
M,60,57.5,47.5,45,75,78.75,60.56,1
F,78.75,41.25,46.25,50,92.5,70,60,1
F,91.25,96.25,95,86.25,100,95,93.47,1
M,67.5,71.25,57.5,60,67.5,71.25,66.39,1
F,72.5,75,46.25,57.5,70,82.5,68.75,1
F,98.75,90,80,93.75,100,95,92.92,1
F,55,71.25,52.5,28.75,100,76.25,62.22,1
F,53.75,63.75,75,57.5,30,30,51.25,1
F,72.5,82.5,100,95,81.25,81.25,85.69,1
M,52.5,62.5,65,50,100,30,55.83,1
F,55,50,67.5,41.25,100,23.75,50.28,1
M,7.5,1.25,10,8.75,38.75,38.75,17.08,0
F,40,47.5,30,8.75,100,23.75,36.67,0
F,35,21.25,27.5,2.5,17.5,17.5,18.06,0
M,21.25,15,50,55,90,27.5,39.58,0
F,27.5,12.5,72.5,17.5,100,15,32.22,0
F,11.25,2.5,5,13.75,8.75,8.75,8.33,0
F,26.25,21.25,67.5,18.75,100,20,34.86,0
M,10,2.5,0,0,3.75,3.75,2.92,0
F,21.25,11.25,27.5,15,1.25,1.25,11.67,0
F,80,68.75,92.5,78.75,100,72.5,79.17,1
F,37.5,35,85,33.75,100,18.75,44.17,0
F,25,50,55,38.75,100,18.75,43.89,0
M,18.75,10,30,35,8.75,8.75,18.33,0
M,5,5,15,11.25,1.25,1.25,6.25,0
F,37.5,35,82.5,12.5,100,13.75,38.06,0
F,63.75,63.75,95,88.75,100,52.5,74.31,1
M,28.75,20,10,11.25,25,25,19.58,0
F,45,53.75,30,16.25,100,35,42.78,0
F,72.5,45,45,25,28.75,28.75,38.19,0
F,36.25,20,52.5,26.25,100,20,35.69,0
F,5,7.5,15,12.5,15,15,11.67,0
F,42.5,32.5,65,22.5,100,50,46.39,0
F,43.75,18.75,50,12.5,100,18.75,32.64,0
F,38.75,16.25,15,20,100,11.25,27.64,0
F,38.75,40,57.5,51.25,100,26.25,47.92,0
F,42.5,63.75,82.5,57.5,100,18.75,56.11,1
M,16.25,58.75,37.5,17.5,70,22.5,35.69,0
F,10,31.25,0,46.25,57.5,57.5,37.5,0
F,46.25,36.25,32.5,16.25,100,32.5,38.75,0
F,60,72.5,46.25,53.75,43.75,43.75,54.44,1
F,47.5,38.75,70,45,100,37.5,51.11,1
F,60,21.25,82.5,48.75,10,10,34.72,0
F,50,33.75,80,40,20,20,37.5,0
F,25,25,77.5,26.25,100,43.75,43.61,0
F,55,55,0,0,100,12.5,32.22,0
F,35,43.75,80,33.75,1.25,1.25,30.42,0
F,70,70,92.5,90,21.25,21.25,60.69,1
F,22.5,17.5,82.5,18.75,100,30,37.5,0
F,2.5,12.5,0,2.5,1.25,1.25,4.03,0
M,11.25,10,10,12.5,90,10,19.58,0
F,63.75,40,80,42.5,43.75,43.75,48.89,0
M,38.75,65,55,58.75,100,65,63.47,1
F,51.25,60,67.5,58.75,52.5,52.5,57.08,1
M,63.75,48.75,80,45,100,81.25,65.97,1
F,32.5,32.5,0,11.25,26.25,26.25,22.08,0
M,51.25,43.75,27.5,28.75,41.25,41.25,38.61,0
F,90,40,57.5,21.25,23.75,23.75,37.92,0
F,68.75,47.5,87.5,42.5,53.75,53.75,55.28,1
F,61.25,91.25,72.5,68.75,86.25,86.25,79.17,1
M,77.5,43.75,70,60,72.5,72.5,63.61,1
F,47.5,15,0,13.75,53.75,53.75,29.58,0
F,80,81.25,75,93.75,83.75,83.75,84.03,1
M,40,40,35,26.25,100,12.5,36.94,0
M,57.5,61.25,62.5,35,100,75,62.5,1
F,76.25,62.5,80,57.5,36.25,36.25,56.11,1
F,67.5,71.25,75,75,83.75,83.75,76.25,1
M,56.25,76.25,97.5,75,100,65,76.25,1
F,55,72.5,60,61.25,55,55,60.83,1
F,40,47.5,65,40,33.75,33.75,42.36,0
F,55,38.75,12.5,28.75,100,40,42.5,0
F,23.75,37.5,10,26.25,100,11.25,31.53,0
M,42.5,46.25,57.5,35,35,35,40.83,0
F,83.75,70,35,78.75,62.5,62.5,67.08,1
F,71.25,63.75,80,66.25,76.25,76.25,71.11,1
F,60,38.75,55,28.75,35,35,39.44,0
M,32.5,3.75,42.5,3.75,1.25,1.25,10.42,0
M,55,51.25,40,0,26.25,26.25,30.69,0
F,80,70,100,66.25,71.25,71.25,74.03,1
F,97.5,76.25,100,76.25,68.75,68.75,78.75,1
F,52.5,65,0,46.25,66.25,66.25,52.64,1
F,47.5,21.25,72.5,18.75,6.25,6.25,24.31,0
M,55,40,55,57.5,35,35,45.56,0
F,73.75,36.25,65,60,40,40,50.14,1
F,67.5,26.25,15,18.75,26.25,26.25,27.92,0
F,51.25,38.75,65,13.75,100,32.5,42.92,0
F,70,61.25,60,33.75,100,31.25,53.61,1
F,30,21.25,67.5,40,0,0,24.44,0
M,43.75,41.25,70,22.5,100,35,45.69,0
M,28.75,63.75,47.5,12.5,27.5,27.5,34.58,0
F,51.25,15,55,7.5,11.25,11.25,20.56,0
F,97.5,100,0,77.5,62.5,62.5,71.11,1
F,60,62.5,72.5,28.75,41.25,41.25,48.75,0
F,85,82.5,80,57.5,45,45,64.44,1
M,28.75,21.25,42.5,28.75,20,20,25.69,0
M,63.75,53.75,25,43.75,26.25,26.25,40.28,0
F,46.25,32.5,15,21.25,35,35,30.42,0
F,95,78.75,97.5,95,100,91.25,91.39,1
F,67.5,71.25,87.5,57.5,65,65,67.5,1
F,67.5,53.75,52.5,0,55,55,43.61,0
F,38.75,30,45,41.25,100,47.5,46.81,0
M,47.5,68.75,90,51.25,25,25,50.28,1
M,73.75,82.5,0,78.75,78.75,78.75,70.28,1
F,71.25,93.75,80,91.25,100,72.5,85.14,1
F,90,87.5,95,88.75,86.25,86.25,88.47,1
F,57.5,42.5,60,21.25,100,36.25,46.39,0
F,35,23.75,30,23.75,100,56.25,41.39,0
F,66.25,53.75,95,86.25,45,45,64.03,1
F,63.75,76.25,72.5,46.25,100,63.75,67.64,1
M,52.5,33.75,27.5,26.25,30,30,32.22,0
F,5,77.5,60,63.75,52.5,52.5,56.11,1
M,5,47.5,32.5,13.75,61.25,61.25,38.19,0
F,42.5,47.5,27.5,18.75,27.5,27.5,31.67,0
F,52.5,77.5,57.5,65,60,60,63.89,1
F,85,88.75,92.5,81.25,100,81.25,86.67,1
M,83.75,95,77.5,72.5,100,81.25,84.31,1
F,30,50,17.5,10,100,32.5,36.94,0
F,68.75,40,72.5,15,27.5,27.5,37.08,0
M,65,66.25,77.5,68.75,52.5,52.5,63.33,1
F,66.25,48.75,40,12.5,50,0,30.97,0
F,26.25,51.25,0,31.25,31.25,31.25,31.67,0
M,85,100,92.5,63.75,83.75,83.75,84.03,1
F,62.5,28.75,17.5,26.25,22.5,22.5,28.61,0
F,67.5,66.25,60,22.5,100,43.75,54.72,1
M,60,60,27.5,20,31.25,31.25,37.92,0
F,70,66.25,67.5,26.25,100,30,53.61,1
F,20,36.25,35,37.5,17.5,17.5,28.33,0
M,66.25,42.5,52.5,13.75,23.75,23.75,33.61,0
F,65,50,45,36.25,100,32.5,49.72,0
F,92.5,95,95,87.5,75,75,86.39,1
F,71.25,63.75,85,85,60,60,70.42,1
F,65,36.25,37.5,18.75,100,33.75,42.22,0
F,77.5,58.75,22.5,42.5,100,42.5,54.17,1
F,61.25,47.5,72.5,52.5,46.25,46.25,52.5,1
M,25,32.5,0,17.5,30,30,23.89,0
M,33.75,56.25,10,17.5,100,48.75,43.19,0
F,56.25,40,97.5,22.5,46.25,46.25,46.39,0
M,66.25,53.75,12.5,25,52.5,52.5,43.75,0
M,35,38.75,0,37.5,23.75,23.75,28.75,0
F,27.5,7.5,0,7.5,0,0,6.39,0
M,17.5,48.75,67.5,62.5,40,40,47.5,0
F,0,61.25,0,0,0,0,13.61,0
F,51.25,26.25,65,18.75,40,40,36.25,0
F,25,18.75,85,26.25,37.5,37.5,34.72,0
M,30,18.75,45,16.25,37.5,37.5,28.61,0
M,31.25,38.75,70,47.5,100,41.25,50.69,1
M,26.25,55,37.5,40,36.25,36.25,40.28,0
M,23.75,25,0,13.75,32.5,32.5,22.08,0
F,50,75,100,83.75,51.25,51.25,69.03,1
M,32.5,43.75,45,20,100,50,45,0
F,23.75,25,82.5,13.75,16.25,16.25,25.83,0
M,53.75,58.75,75,40,58.75,58.75,55.83,1
M,50,52.5,60,13.75,13.75,13.75,31.53,0
M,53.75,76.25,60,40,45,45,53.47,1
M,55,50,85,31.25,100,51.25,56.11,1
M,35,47.5,0,0,0,26.25,20.28,0
M,26.25,46.25,42.5,22.5,42.5,42.5,37.08,0
M,38.75,60,87.5,63.75,43.75,43.75,56.11,1
M,25,31.25,32.5,7.5,0,0,15,0
M,35,92.5,90,73.75,68.75,68.75,73.75,1
M,32.5,20,62.5,30,22.5,22.5,29.17,0
F,81.25,39.38,56.25,31.88,86.9,36.25,48.82,0
F,90,46.88,57.5,41.88,90,45,56.11,1
M,43.1,15,16.25,0,0,0,9.93,0
F,26.25,9.38,21.25,7.5,39.4,2.5,13.96,0
F,71.9,38.75,73.75,20.62,72.5,11.25,39.93,0
M,58.75,21.88,18.75,15,11.25,6.25,19.44,0
F,81.25,17.5,48.75,18.75,55,16.25,32.22,0
F,41.9,10,36.25,2.5,16.9,13.12,16.26,0
M,46.9,15,17.5,5,26.9,0,14.59,0
F,71.25,25,32.5,14.38,66.25,15,30.97,0
M,40.6,26.25,16.25,16.88,6.25,33.75,24.09,0
F,53.1,23.75,6.25,12.5,5,0,15.21,0
F,68.75,28.12,18.75,6.88,10.6,10,20.9,0
F,79.4,45,32.5,31.25,83.15,21.88,43.48,0
F,55.6,32.5,33.75,3.12,35,0,21.73,0
F,78.75,22.5,32.5,18.75,53.15,18.12,31.46,0
M,51.25,22.5,40,8.75,31.9,6.25,22.02,0
M,47.5,21.25,23.75,20.62,62.5,16.25,27.78,0
M,3.75,4.38,37.5,29.38,65,16.88,23.06,0
F,83.75,30.62,40,22.5,76.25,34.38,41.67,0
M,40.6,28.12,37.5,14.38,73.1,30,32.91,0
F,83.75,45,75,43.12,93.75,47.5,58.19,1
F,81.25,14.38,27.5,10.62,61.9,31.25,31.46,0
F,28.75,20.62,21.25,8.12,9.4,2.5,13.54,0
F,60,23.12,35,11.25,33.75,15,25.28,0
F,60.6,37.5,57.5,32.5,81.25,30,44.37,0
F,51.9,35,26.25,18.12,42.5,20,29.66,0
F,50.6,32.5,45,21.25,50,17.5,32.01,0
F,24.4,22.5,23.75,13.75,34.4,10,19.45,0
F,24.4,17.5,40,10.62,31.9,8.75,18.89,0
F,73.75,24.38,21.25,27.5,43.75,20,31.39,0
M,73.1,35.62,40,17.5,73.1,21.88,37.36,0
F,60,14.38,25,15,55.6,7.5,23.82,0
F,41.25,25,57.5,34.38,51.25,10.62,32.22,0
F,73.75,24.38,32.5,27.5,75,20.62,36.25,0
F,63.75,32.5,35,11.88,36.9,13.75,27.99,0
F,78.1,28.12,48.75,16.88,68.75,15,35.07,0
F,65.6,23.75,26.25,21.25,57.5,13.12,29.51,0
F,75.6,38.12,51.25,20,78.75,25,41.32,0
M,21.25,16.88,16.25,0.62,26.25,2.5,11.53,0
M,70,18.75,27.5,10.62,36.25,9.38,23.47,0
F,68.75,16.25,45,21.25,62.5,20.62,32.5,0
M,27.5,5,25,26.25,72.5,17.5,24.72,0
M,72.5,16.25,45,21.88,80,18.75,34.58,0
F,85,42.5,86.25,36.88,67.5,38.12,52.64,1
F,86.25,43.75,70,40,100,43.12,56.67,1
F,61.25,15.62,33.75,13.12,75,18.12,29.31,0
F,8.75,5,47.5,21.88,32.5,18.12,19.86,0
F,87.5,36.25,80,26.88,100,36.88,51.94,1
M,45,4.38,20,6.25,25,13.75,15.42,0
F,25,8.75,42.5,5,20,23.75,18.06,0
F,78.75,26.88,73.75,33.12,65,28.12,43.75,0
F,92.5,43.12,90,48.12,100,36.25,59.72,1
F,28.75,8.12,20,18.12,40,13.75,18.75,0
F,95,43.75,100,49.38,100,44.38,63.33,1
F,40,16.88,66.25,19.38,80,24.38,34.17,0
F,70,41.25,65,39.38,50,35,46.25,0
F,37.5,12.5,55,18.12,87.5,30.62,33.61,0
F,58.75,5,38.75,27.5,25,23.12,25.97,0
F,98.75,43.75,86.25,44.38,100,30.62,58.06,1
F,47.5,18.12,43.75,15,77.5,9.38,28.19,0
M,55,27.5,58.75,29.38,95,20,40.28,0
F,87.5,46.88,83.75,46.88,100,42.5,60.42,1
M,92.5,43.12,91.25,38.12,100,42.5,59.03,1
M,65,23.12,67.5,35,90,25.62,43.33,0
M,98.75,48.75,78.75,39.38,100,38.12,58.89,1
F,38.75,13.12,35,21.88,56.25,23.75,27.5,0
F,45,31.25,30,29.38,37.5,8.75,27.92,0
M,72.5,19.38,35,15,55,3.12,26.39,0
F,47.5,12.5,67.5,31.88,70,31.88,37.5,0
M,35,15.62,28.75,10,72.5,0.62,20.97,0
F,45,9.38,57.5,17.5,90,37.5,35.69,0
M,72.5,0,52.5,33.12,42.5,31.88,33.06,0
F,75,29.38,60,39.38,92.5,25,46.11,0
F,96.25,48.75,80,48.12,100,45,62.22,1
F,95,45.62,98.75,44.38,100,44.38,62.5,1
F,41.25,21.25,50,25.62,67.5,26.25,33.89,0
F,90,25,63.75,39.38,100,35,50.28,1
M,40,7.5,42.5,30.62,42.5,14.38,25.56,0
F,52.5,30.62,63.75,35,90,31.88,44.58,0
F,67.5,17.5,60,24.38,87.5,17.5,37.08,0
M,75.6,35.62,72.5,12.5,90,16.25,40.76,0
F,20.6,30.62,60,8.75,100,5,29.93,0
F,38.1,20,45,5,10,5,17.01,0
M,49.4,35.62,42.5,2.5,100,17.5,33.68,0
F,29.4,16.25,50,8.12,95,12.5,27.57,0
F,44.4,21.25,37.5,8.12,100,2.5,27.29,0
F,45,12.5,30,12.5,100,13.75,28.06,0
M,72.5,46.88,87.5,20.62,100,28.75,50.28,1
F,51.9,23.75,65,10.62,95,32.5,38.41,0
F,55.6,16.88,77.5,16.88,60,15,32.29,0
M,15.6,16.25,35,3.75,100,3.75,22.01,0
F,63.75,39.38,55,20,42.5,21.25,35.83,0
F,48.75,25,42.5,10,100,6.25,30.42,0
F,71.9,30.62,35,8.75,100,21.25,36.46,0
F,20,9.38,5,1.25,10,1.25,6.53,0
M,46.9,25.62,5,0,2.5,1.25,12.02,0
F,61.9,24.38,70,9.38,90,10,34.38,0
M,41.25,28.12,30,0.62,0,0,14.31,0
F,53.1,21.88,55,16.88,100,20,36.18,0
F,82.5,40,100,30.62,100,31.25,54.03,1
F,62.5,25.62,62.5,11.88,95,6.25,34.17,0
F,66.9,15,47.5,16.25,100,13.75,33.82,0
M,61.25,10.62,12.5,0,100,11.25,24.17,0
F,98.75,45.62,97.5,35.62,100,41.25,60.14,1
M,60.6,0,62.5,15.62,100,17.5,32.15,0
F,81.9,45,100,0,0,0,30.21,0
M,25,10,22.5,9.38,60,3.75,17.08,0
F,88.75,33.75,77.5,26.25,100,25,48.47,0
F,79.4,38.12,50,16.88,100,36.25,45.77,0
F,61.9,37.5,80,24.38,100,31.25,47.57,0
F,91.9,43.75,100,45.62,100,35,60.07,1
M,86.25,26.25,30,4.38,25,12.5,25.28,0
F,49.4,25.62,97.5,13.12,100,7.5,37.71,0
F,53.75,35,75,16.25,100,16.25,40.42,0
M,46.9,31.25,37.5,15.62,100,0,30.91,0
F,60,33.12,95,15,95,2.5,39.03,0
F,42.5,24.38,42.5,10,10,5,19.31,0
F,68.1,40,80,20.62,100,8.75,42.98,0
F,68.75,28.75,30,13.12,100,3.75,32.22,0
F,67.5,18.75,65,20,80,5,33.33,0
F,80,33.75,0,6.88,5,2.5,19.03,0
M,52.5,37.5,60,16.25,100,0,35.56,0
F,76.25,43.75,80,19.38,80,13.75,43.33,0
F,63.75,21.25,30,10,100,1.25,28.75,0
M,50,29.38,47.5,16.88,15,7.5,24.44,0
F,93.75,46.88,100,36.88,95,38.75,59.31,1
F,100,48.12,87.5,43.75,100,38.75,60.97,1
F,91.25,46.25,95,24.38,80,17.5,49.17,0
F,86.25,0,42.5,21.25,45,22.5,29.03,0
M,72.5,35,77.5,24.38,100,20,45.42,0
M,62.5,33.12,62.5,0,0,0,21.25,0
M,42.5,18.75,50,5,0,0,15.56,0
F,61.25,41.88,0,15,100,10,32.78,0
F,47.5,35,72.5,0,12.5,6.25,23.89,0
M,55,31.25,60,5.62,70,3.75,29.58,0
F,66.25,46.25,0,30,100,2.5,35.97,0
F,91.25,46.88,85,40.62,100,30,56.81,1
M,40,25,60,18.12,80,15,32.92,0
F,92.5,38.12,65,21.25,100,7.5,43.47,0
F,77.5,43.12,70,34.38,100,16.25,48.33,0
F,100,48.75,100,44.38,90,48.75,63.75,1
F,77.5,31.88,87.5,26.25,22.5,11.25,36.25,0
M,80,36.25,47.5,10,90,7.5,36.11,0
F,76.25,46.88,62.5,26.25,100,32.5,50,1
F,45,42.5,72.5,29.38,100,15,43.47,0
F,31.25,28.75,0,15.62,35,17.5,21.11,0
M,80,41.25,60,40,100,11.25,47.22,0
F,60,38.12,72.5,23.12,90,20,42.78,0
F,67.5,35.62,12.5,10,90,10,31.25,0
F,100,47.5,100,46.25,100,36.25,62.22,1
F,72.5,34.38,100,14.38,75,12.5,41.11,0
F,67.5,25,42.5,8.75,100,8.75,32.78,0
F,95,45,100,35,100,26.25,56.39,1
F,93.75,48.12,85,24.38,90,25,51.53,1
M,75,41.88,75,29.38,42.5,21.25,41.94,0
M,97.5,38.12,0,13.12,20,10,26.67,0
F,76.25,38.12,72.5,9.38,100,5,39.31,0
F,61.25,37.5,75,25.62,95,6.25,41.11,0
F,17.5,35,30,2.5,70,5,22.5,0
F,63.75,32.5,80,18.75,100,12.5,41.25,0
M,33.75,26.88,57.5,23.12,15,7.5,24.58,0
F,65,38.75,87.5,28.75,100,28.75,49.44,0
M,43.75,31.88,35,22.5,80,12.5,32.5,0
F,50,38.12,42.5,20.62,85,12.5,35.56,0
F,61.25,28.75,77.5,14.38,100,12.5,38.89,0
M,0,8.75,30,5,60,2.5,13.61,0
F,38.75,30,87.5,28.12,100,22.5,43.06,0
F,66.25,26.88,50,7.5,90,5,31.67,0
F,70,45.62,67.5,46.25,80,30,51.25,1
M,41.25,19.38,60,8.12,100,7.5,30.14,0
F,92.5,46.88,100,15.62,100,13.75,49.44,0
F,53.75,35,60,29.38,90,35,44.72,0
M,52.5,0,0,1.25,35,17.5,13.89,0
F,95,45,80,8.12,15,7.5,34.58,0
F,20,14.38,25,0,100,7.5,20.97,0
F,12.5,27.5,22.5,19.38,100,16.25,29.03,0
F,71.25,21.25,57.5,12.5,100,0,32.92,0
F,91.25,26.25,90,36.88,42.5,21.25,43.61,0
F,45,18.75,72.5,6.25,100,1.25,30,0
F,62.5,13.12,0,13.75,90,1.25,23.19,0
F,80,33.12,65,20,100,17.5,42.92,0
F,87.5,33.12,65,24.38,95,17.5,44.17,0
M,57.5,35,42.5,20,85,12.5,35.56,0
M,47.5,17.5,40,10,100,18.75,31.11,0
F,62.5,30,82.5,26.25,7.5,3.75,30.28,0
F,60,30.62,40,10.62,70,23.75,33.33,0
F,73.75,40.62,90,16.25,90,26.25,46.67,0
M,37.5,6.88,30,16.25,90,17.5,26.53,0
F,66.25,45,77.5,23.75,100,21.25,47.08,0
M,62.5,32.5,55,25.62,22.5,11.25,30.97,0
M,25,27.5,37.5,7.5,100,2.5,26.39,0
F,37.5,20.62,0,0,0,0,8.75,0
F,51.25,28.75,55,20,7.5,3.75,24.31,0
F,82.5,36.88,87.5,23.12,100,17.5,47.22,0
F,100,46.25,100,42.5,100,31.25,60,1
F,48.75,20,45,3.75,12.5,6.25,18.47,0
M,32.5,14.38,42.5,13.75,90,11.25,27.08,0
M,72.5,46.88,62.5,26.88,0,0,31.39,0
M,0,15,7.5,0,5,2.5,5.28,0
F,67.5,27.5,23.75,0,5,17.5,20.69,0
M,41.25,19.38,11.25,11.25,81.25,18.75,25.83,0
F,67.5,20,57.5,6.25,5,7.5,21.94,0
F,72.5,36.25,10,0,5,5,18.89,0
M,60,30,28.75,18.12,5,31.88,28.19,0
F,87.5,45.62,100,30,100,46.25,59.03,1
F,87.5,40,72.5,18.12,95,36.25,49.31,0
F,87.5,43.75,82.5,11.88,92.5,31.25,48.47,0
M,0,13.12,0,0,5,2.5,4.03,0
F,90,35,27.5,13.75,5,25,30,0
M,82.5,47.5,91.25,35.62,70,43.12,55.14,1
F,85,35.62,12.5,6.88,5,22.5,25.83,0
F,70,28.75,31.25,13.75,5,30.62,28.06,0
F,72.5,32.5,46.25,24.38,5,46.25,36.67,0
M,70,26.88,33.75,13.12,32.5,19.38,28.33,0
F,20,2.5,2.5,8.75,5,8.75,7.5,0
F,52.5,21.25,35,14.38,31.25,13.75,24.17,0
M,87.5,36.25,32.5,20,67.5,30,40,0
M,71.25,43.75,67.5,33.12,55,39.38,47.36,0
F,67.5,30.62,37.5,17.5,5,20,27.36,0
F,58.75,25,12.5,4.38,5,15,18.33,0
F,55,34.38,27.5,17.5,5,16.25,24.86,0
F,50,23.75,17.5,14.38,5,20.62,21.11,0
F,85,37.5,47.5,18.75,80,34.38,43.75,0
F,62.5,28.75,42.5,22.5,70,31.25,37.78,0
F,85,38.12,60,14.38,60,28.75,40.83,0
F,80,37.5,61.25,21.25,5,33.12,36.67,0
M,62.5,31.25,28.75,6.88,5,31.25,26.11,0
F,62.5,29.38,36.25,14.38,5,9.38,23.33,0
F,95,42.5,90,43.75,90,41.88,59.03,1
M,62.5,15.62,20,20,5,26.88,23.61,0
F,12.5,25.62,20,12.5,5,30,19.31,0
F,77.5,43.12,53.75,17.5,5,31.88,35.69,0
M,42.5,28.75,52.5,22.5,5,33.12,29.86,0
F,81.25,35.62,72.5,15,5,38.75,37.5,0
F,77.5,34.38,77.5,35,5,49.38,44.17,0
F,57.5,31.88,40,36.88,5,40,35.56,0
M,70,40.62,57.5,27.5,40,36.88,41.94,0
M,45,15,25,8.12,5,12.5,16.25,0
F,86.25,46.88,40,25.62,5,35,38.47,0
F,82.5,38.12,68.75,23.12,5,42.5,40.42,0
F,100,42.5,68.75,31.25,90,36.25,53.19,1
F,55,15.62,31.25,10,5,17.5,19.72,0
F,100,45,100,48.75,100,47.5,64.72,1
M,57.5,24.38,0,0,5,2.5,12.92,0
F,72.5,35,57.5,17.5,5,29.38,33.19,0
F,46.25,29.38,37.5,15,5,35,27.5,0
F,78.75,40.62,63.75,29.38,5,36.25,40,0
M,55,31.25,0,25.62,40,38.75,31.81,0
F,52.5,16.88,42.5,10,5,5.62,18.33,0
F,100,46.88,97.5,42.5,100,41.88,62.22,1
F,60,30.62,50,13.75,71.25,26.88,35.97,0
M,87.5,25.62,42.5,25,5,15,29.58,0
F,26.25,21.25,25,10.62,52.5,13.75,21.67,0
F,50,10,35,5.62,5,9.38,15.56,0
F,61.25,30.62,88.75,19.38,75,29.38,42.64,0
F,60,16.88,2.5,13.75,5,11.25,16.81,0
F,63.75,34.38,20,17.5,5,11.25,23.89,0
F,95,26.25,77.5,25,75,45,48.89,0
F,26.25,15.62,41.25,10,5,6.25,15.14,0
F,76.25,32.5,81.25,35.62,86.25,35,50,1
F,45,21.88,43.75,0,5,12.5,18.06,0
F,95,45,95,31.88,5,46.88,49.17,0
F,71.25,34.38,28.75,9.38,75,21.25,33.89,0
M,80,19.38,40,15.62,5,21.88,26.53,0
F,58.75,39.38,60,25.62,65,17.5,38.75,0
F,60,21.88,7.5,30.62,5,25,25.28,0
F,58.75,26.25,0,14.38,5,13.12,19.03,0
F,97.5,45,87.5,28.75,5,47.5,48.06,0
F,72.5,21.25,21.25,13.12,5,14.38,21.81,0
F,72.5,29.38,53.75,8.12,25,13.12,28.06,0
M,95,25,40,19.38,43.75,30,36.39,0
F,60,30,15,19.38,35,14.38,26.39,0
F,57.5,26.25,17.5,22.5,60,11.88,28.47,0
M,38.75,23.75,50,14.38,37.5,11.88,25.14,0
F,68.75,11.25,23.75,18.75,5,18.75,21.67,0
M,100,41.88,100,45.62,100,47.5,63.33,1
M,33.75,13.75,37.5,5.62,65,7.5,21.11,0
M,62.5,36.25,33.75,20,92.5,25,39.03,0
F,76.25,33.12,61.25,14.38,57.5,28.12,38.47,0
M,58.75,40.62,63.75,41.88,70,36.25,47.78,0
M,81.25,34.38,33.75,31.88,60,28.12,40.42,0
F,97.5,44.38,100,48.75,100,46.25,64.03,1
F,81.25,46.25,96.25,47.5,100,46.25,61.94,1
F,56.25,34.38,67.5,34.38,82.5,40,47.08,0
M,63.75,30.62,41.25,16.88,72.5,23.75,35.56,0
F,100,46.88,100,47.5,100,50,65.42,1
F,86.25,41.88,58.75,35.62,65,31.88,47.64,0
M,46.25,23.12,48.75,30,60,23.12,34.17,0
M,71.25,39.38,65,28.12,52.5,26.25,41.81,0
M,43.75,33.75,35,18.12,57.5,35,34.44,0
F,100,44.38,70,32.5,85,36.25,53.47,1
M,100,48.12,55,29.38,65,37.5,50,1
F,87.5,46.88,100,35,70,48.75,57.64,1
F,88.75,42.5,100,32.5,75,39.38,54.72,1
F,95,47.5,98.75,48.12,95,42.5,62.78,1
M,67.5,44.38,60,34.38,52.5,16.25,41.11,0
F,73.75,36.25,32.5,29.38,52.5,23.12,37.36,0
F,98.75,45.62,100,43.75,72.5,48.12,60.69,1
F,82.5,36.88,80,34.38,52.5,28.12,45.97,0
F,62.5,38.75,57.5,13.75,77.5,36.25,41.67,0
F,81.25,46.25,100,41.25,95,43.12,59.72,1
M,67.5,47.5,57.5,31.88,77.5,43.12,49.72,0
F,83.75,46.25,70,48.12,97.5,49.38,59.86,1
M,81.25,47.5,40,38.75,83.75,41.25,51.11,1
F,91.25,45.62,38.75,48.75,100,44.38,56.39,1
F,72.5,36.25,25,30.62,87.5,18.75,39.58,0
F,85,46.25,87.5,11.88,98.75,49.38,54.03,1
M,41.25,30.62,30,25,71.25,32.5,35.42,0
F,96.25,49.38,90,50,98.75,50,64.86,1
M,70,42.5,60,36.25,78.75,42.5,50.14,1
F,52.5,31.25,40,32.5,92.5,30.62,41.53,0
M,58.75,40,48.75,41.25,80,46.25,49.17,0
F,96.25,46.25,50,22.5,92.5,21.25,46.53,0
F,61.25,42.5,56.25,18.75,92.5,40.62,45.97,0
F,90,45,53.75,48.12,97.5,50,58.61,1
M,33.75,46.88,15,40,72.5,43.12,42.36,0
F,81.25,47.5,101.25,43.75,100,44.38,61.53,1
F,97.5,48.12,100,41.25,87.5,49.38,62.5,1
M,56.25,45.62,41.25,33.12,52.5,26.25,40,0
F,85,46.25,67.5,41.88,87.5,46.25,56.53,1
M,33.75,31.88,27.5,21.88,5,12.5,22.08,0
F,98.75,48.75,100,50,100,48.75,65.97,1
F,60,36.25,36.25,15.62,5,5,23.89,0
F,87.5,43.12,75,34.38,95,48.75,56.67,1
M,56.25,38.75,73.75,41.25,97.5,37.5,51.39,1
M,100,47.5,37.5,33.75,97.5,44.38,54.03,1
F,82.5,47.5,98.75,43.75,100,43.12,61.11,1
F,62.5,45,73.75,47.5,95,48.12,56.94,1
F,71.25,40,78.75,33.75,68.75,41.88,50,1
F,98.75,48.75,98.75,50,95,49.38,65.42,1
F,45,43.12,43.75,25.62,80,31.25,40.97,0
F,78.75,43.12,73.75,31.25,80,40,51.25,1
M,68.75,45,77.5,43.12,88.75,48.12,56.39,1
F,75,40.62,100,39.38,96.25,38.75,56.53,1
F,95,47.5,100,48.12,100,50,65.14,1
F,61.25,40,71.25,35.62,77.5,36.25,48.19,0
F,80,44.38,81.25,28.12,90,46.88,54.44,1
M,11.25,26.88,67.5,32.5,83.75,28.12,37.5,0
F,72.5,45.62,63.75,33.12,85,43.75,51.81,1
F,100,47.5,100,46.88,100,49.38,65.28,1
M,87.5,44.38,95,41.88,95,45.62,60.14,1
M,31.25,30,42.5,19.38,66.25,26.25,32.36,0
F,76.25,46.88,80,41.88,97.5,31.25,54.86,1
M,53.75,27.5,33.75,5.62,15,12.5,21.53,0
F,86.25,41.88,67.5,19.38,100,31.88,48.89,0
F,90,46.25,50,42.5,100,41.25,55.56,1
M,52.5,34.38,21.25,12.5,81.25,41.88,36.94,0
F,90,45,81.25,31.88,91.25,45.62,56.39,1
F,82.5,48.12,100,42.5,100,48.12,62.22,1
F,93.75,48.12,77.5,43.12,92.5,44.38,59.44,1
F,90,40,50,33.75,100,16.25,46.67,0
M,62.5,20.62,23.75,6.25,65,36.88,30.97,0
F,73.75,44.38,52.5,10,68.75,36.25,41.81,0
F,88.75,43.75,50,35,83.75,35.62,50.14,1
M,67.5,41.25,42.5,20,75,43.12,43.75,0
F,96.25,45,65,43.12,82.5,41.25,55.83,1
F,100,48.75,56.25,48.12,100,32.5,57.22,1
F,87.5,44.38,68.75,36.25,81.25,41.25,53.47,1
M,88.75,48.75,62.5,46.88,96.25,45.62,58.89,1
M,72.5,41.88,47.5,35.62,82.5,43.75,49.44,0
F,97.5,48.12,77.5,45.62,100,48.12,62.08,1
F,86.25,50,67.5,39.38,95,43.12,57.08,1
F,98.75,50,85,46.25,96.25,49.38,63.47,1
F,77.5,40,56.25,21.25,82.5,40.62,46.67,0
F,40,37.5,46.25,38.12,70,43.12,43.75,0
F,93.75,46.25,92.5,36.25,98.75,45.62,60.14,1
F,100,47.5,100,43.75,100,45.62,63.75,1
M,67.5,41.88,30,28.12,95,44.38,46.81,0
M,91.25,46.25,38.75,36.25,62.5,18.12,43.75,0
F,75,49.38,50,36.25,100,44.38,53.89,1
M,55,41.88,45,30.62,95,43.75,47.5,0
F,92.5,42.5,56.25,36.88,92.5,41.25,53.61,1
F,41.25,40.62,50,25,71.25,36.25,40.69,0
M,77.5,36.88,76.25,37.5,93.75,43.12,53.61,1
F,88.75,43.75,100,45.62,100,47.5,62.5,1
F,50,43.12,71.25,32.5,76.25,35,46.53,0
F,88.75,46.88,100,46.88,95,48.75,63.19,1
F,83.75,45,50,36.88,98.75,32.5,51.25,1
F,82.5,39.38,61.25,36.25,77.5,46.25,51.67,1
F,96.25,48.75,100,28.12,100,44.38,59.86,1
M,60,37.5,63.75,47.5,98.75,41.88,52.92,1
F,61.25,42.5,47.5,36.25,88.75,43.12,49.03,0
M,71.25,21.88,40,12.5,92.5,41.88,39.58,0
M,83.75,46.25,65,33.75,87.5,40.62,53.06,1
F,92.5,44.38,65,40.62,97.5,50,58.33,1
M,78.75,34.38,46.25,23.12,51.25,34.38,40,0
F,73.75,45.62,80,32.5,91.25,45,54.58,1
F,77.5,39.38,67.5,21.25,75,45,47.92,0
F,35,43.75,71.25,25,76.25,42.5,45,0
F,97.5,45.62,75,31.25,97.5,50,58.19,1
F,100,48.75,96.25,43.12,95,47.5,63.33,1
F,67.5,36.25,63.75,6.25,50,20.62,34.17,0
F,72.5,42.5,81.25,42.5,100,41.25,56.25,1
F,100,47.5,100,48.75,100,50,65.83,1
F,86.25,43.12,63.75,30.62,93.75,40.62,52.5,1
F,85,46.25,78.75,28.12,91.25,43.12,54.44,1
M,62.5,36.88,28.75,15.62,83.75,40,40,0
F,100,46.25,72.5,31.25,98.75,44.38,57.22,1